INSERT INTO USUARIO (CEDULA,NOMBRE,APELLIDO,CONTRASENA,CORREO,TIPO_USUARIO,ESTADO,TELEFONO,GENERO) VALUES
(100000001,'Ana','Lopez','pass1','ana1@mail.com','ADMINISTRADOR','ACTIVO',300000001,'FEMENINO'),
(100000002,'Luis','Martinez','pass2','luis2@mail.com','ADMINISTRADOR','ACTIVO',300000002,'MASCULINO'),
(100000003,'María','Gomez','pass3','maria3@mail.com','CAJERO','INACTIVO',300000003,'FEMENINO'),
(100000004,'Juan','Rodriguez','pass4','juan4@mail.com','CAJERO','ACTIVO',300000004,'MASCULINO'),
(100000005,'Carla','Fernandez','passs5','carla5@mail.com','CLIENTE','ACTIVO',300000005,'FEMENINO'),
(100000006,'Pedro','Vargas','pass6','pedro6@mail.com','CLIENTE','ACTIVO',300000006,'MASCULINO'),
(100000007,'Lucia','Ramirez','pass7','lucia7@mail.com','CLIENTE','INACTIVO',300000007,'FEMENINO'),
(100000008,'Miguel','Torres','pass8','miguel8@mail.com','CLIENTE','ACTIVO',300000008,'MASCULINO'),
(100000009,'Elena','Castro','pass9','elena9@mail.com','CLIENTE','ACTIVO',300000009,'FEMENINO'),
(100000010,'Diego','Santos','pass10','diego10@mail.com','CLIENTE','ACTIVO',300000010,'MASCULINO'),
(100000011,'Sofia','Mendez','pass11','sofia11@mail.com','CLIENTE','ACTIVO',300000011,'FEMENINO'),
(100000012,'Raul','Pereira','pass12','raul12@mail.com','CLIENTE','ACTIVO',300000012,'MASCULINO'),
(100000013,'Laura','Nunez','pass13','laura13@mail.com','CLIENTE','ACTIVO',300000013,'FEMENINO'),
(100000014,'Carlos','Rojas','pass14','carlos14@mail.com','CLIENTE','ACTIVO',300000014,'MASCULINO'),
(100000015,'Marta','Silva','pass15','marta15@mail.com','CLIENTE','ACTIVO',300000015,'FEMENINO'),
(100000016,'Andrés','Flores','pass16','andres16@mail.com','CLIENTE','ACTIVO',300000016,'MASCULINO'),
(100000017,'Patricia','Ruiz','pass17','patricia17@mail.com','CLIENTE','ACTIVO',300000017,'FEMENINO'),
(100000018,'Fernando','Morales','pass18','fernando18@mail.com','CLIENTE','ACTIVO',300000018,'MASCULINO'),
(100000019,'Gabriela','Ortega','pass19','gabriela19@mail.com','CLIENTE','ACTIVO',300000019,'FEMENINO'),
(100000020,'Jorge','Navarro','pass20','jorge20@mail.com','CLIENTE','ACTIVO',300000020,'MASCULINO'),
(100000021,'Isabel','Reyes','pass21','isabel21@mail.com','CLIENTE','ACTIVO',300000021,'FEMENINO');

INSERT INTO PROVEEDOR (NOMBRE_PROVEEDOR,NUMERO_TELEFONICO,CORREO_PROVEEDOR,DIRECCION,ESTADO) VALUES
('ProvA',500000001,'prova@mail.com','Calle 1','ACTIVO'),
('ProvB',500000002,'provb@mail.com','Calle 2','ACTIVO'),
('ProvC',500000003,'provc@mail.com','Calle 3','INACTIVO'),
('ProvD',500000004,'provd@mail.com','Calle 4','ACTIVO'),
('ProvE',500000005,'prove@mail.com','Calle 5','ACTIVO'),
('ProvF',500000006,'provf@mail.com','Calle 6','ACTIVO'),
('ProvG',500000007,'provg@mail.com','Calle 7','INACTIVO'),
('ProvH',500000008,'provh@mail.com','Calle 8','ACTIVO'),
('ProvI',500000009,'provi@mail.com','Calle 9','ACTIVO'),
('ProvJ',500000010,'provj@mail.com','Calle 10','ACTIVO'),
('ProvK',500000011,'provk@mail.com','Calle 11','ACTIVO'),
('ProvL',500000012,'provl@mail.com','Calle 12','ACTIVO'),
('ProvM',500000013,'provm@mail.com','Calle 13','ACTIVO'),
('ProvN',500000014,'provn@mail.com','Calle 14','ACTIVO'),
('ProvO',500000015,'provo@mail.com','Calle 15','INACTIVO'),
('ProvP',500000016,'provp@mail.com','Calle 16','ACTIVO');

INSERT INTO INVENTARIO (NOMBRE_PRODUCTO,DESCRIPCION_PRODUCTO,CANTIDAD_DISPONIBLE,UNIDAD_MEDIDA,ESTADO_PRODUCTO,COSTO_UNITARIO,FECHA_ENTREGA,REGISTRADO_POR) VALUES
('Producto1','Desc1',10,'Kg','DISPONIBLE',100, '2025-01-15',100000001),
('Producto2','Desc2',5,'L','DISPONIBLE',200, '2025-02-01',100000002),
('Producto3','Desc3',0,'Cm','NO DISPONIBLE',150, '2025-01-20',100000003),
('Producto4','Desc4',12,'G','DISPONIBLE',80, '2025-03-05',100000004),
('Producto5','Desc5',7,'Lb','DISPONIBLE',90, '2025-02-18',100000005),
('Producto6','Desc6',20,'M','DISPONIBLE',300, '2025-03-22',100000006),
('Producto7','Desc7',15,'Ft','DISPONIBLE',250, '2025-04-10',100000007),
('Producto8','Desc8',3,'Ml','DISPONIBLE',50, '2025-04-15',100000008),
('Producto9','Desc9',6,'Mg','DISPONIBLE',60, '2025-05-01',100000009),
('Producto10','Desc10',8,'Gal','DISPONIBLE',120,'2025-05-05',100000010),
('Producto11','Desc11',11,'Kg','DISPONIBLE',110,'2025-05-10',100000011),
('Producto12','Desc12',9,'L','DISPONIBLE',95, '2025-05-12',100000012),
('Producto13','Desc13',14,'M','DISPONIBLE',210,'2025-05-15',100000013),
('Producto14','Desc14',2,'Cm','DISPONIBLE',75, '2025-05-18',100000014),
('Producto15','Desc15',4,'G','DISPONIBLE',55, '2025-05-20',100000015),
('Producto16','Desc16',13,'Lb','DISPONIBLE',130,'2025-05-22',100000016),
('Producto17','Desc17',1,'Ft','DISPONIBLE',45, '2025-05-25',100000017),
('Producto18','Desc18',16,'Kg','DISPONIBLE',170,'2025-05-28',100000018);

INSERT INTO COMPRA (FECHA_COMPRA,VALOR_COMPRA,CANTIDAD_COMPRA,ESTADO_COMPRA,DESCUENTO,REGISTRADA_POR,SUMINISTRADA_POR) VALUES
('2025-01-05',1000,5,'REALIZADA',NULL,100000001,1),
('2025-01-10',1500,7,'REALIZADA',100,100000002,2),
('2025-01-15',800,4,'NO REALIZADA',NULL,100000003,3),
('2025-02-01',1200,6,'REALIZADA',50,100000004,4),
('2025-02-05',2000,10,'REALIZADA',NULL,100000005,5),
('2025-02-10',500,2,'NO REALIZADA',NULL,100000006,6),
('2025-02-15',900,3,'REALIZADA',75,100000007,7),
('2025-03-01',1100,5,'REALIZADA',NULL,100000008,8),
('2025-03-05',1300,6,'REALIZADA',NULL,100000009,9),
('2025-03-10',1400,7,'NO REALIZADA',NULL,100000010,10),
('2025-03-15',1600,8,'REALIZADA',80,100000011,11),
('2025-04-01',1700,9,'REALIZADA',NULL,100000012,12),
('2025-04-05',1800,10,'NO REALIZADA',NULL,100000013,13),
('2025-04-10',1900,11,'REALIZADA',90,100000014,14),
('2025-04-15',2100,12,'REALIZADA',NULL,100000015,15),
('2025-04-20',2200,13,'NO REALIZADA',NULL,100000016,16),
('2025-04-25',2300,14,'REALIZADA',100,100000017,17),
('2025-05-01',2400,15,'REALIZADA',NULL,100000018,18),
('2025-05-05',2500,16,'NO REALIZADA',NULL,100000019,19),
('2025-05-10',2600,17,'REALIZADA',120,100000020,20);

INSERT INTO DETALLES_SURTE (VALOR_PRODUCTO,CANTIDAD_PRODUCTO,COMPRA,INVENTARIO) VALUES
(200,2,1,1),
(300,3,2,2),
(150,1,3,3),
(250,2,4,4),
(400,4,5,5),
(100,1,6,6),
(225,3,7,7),
(275,2,8,8),
(325,3,9,9),
(350,2,10,10),
(425,4,11,11),
(475,5,12,12),
(525,6,13,13),
(575,7,14,14),
(650,8,15,15),
(700,9,16,16),
(750,10,17,17),
(800,11,18,18),
(850,12,18,1),
(900,13,19,2),
(950,14,20,3),
(1000,15,20,4),
(1050,16,19,5),
(1100,17,18,6);

INSERT INTO DETALLES_SUMINISTRA (PROVEEDOR,INVENTARIO) VALUES
(1,1),(2,2),(3,3),(4,4),(5,5),(6,6),(7,7),(8,8),(9,9),(10,10),(11,11),(12,12),(13,13),(14,14),(15,15),(16,16),(1,17),(2,18);

INSERT INTO VENTA (CANTIDAD_PRODUCTO,VALOR_UNITARIO_PRODUCTO,VALOR_TOTAL,ESTADO_VENTA,VENTA_REALIZADA_POR) VALUES
(2,200,400,'REALIZADA',100000005),
(3,150,450,'REALIZADA',100000006),
(1,300,300,'PENDIENTE',100000007),
(4,250,1000,'REALIZADA',100000008),
(2,400,800,'REALIZADA',100000009),
(1,100,100,'PENDIENTE',100000010),
(3,225,675,'REALIZADA',100000011),
(2,275,550,'REALIZADA',100000012),
(3,325,975,'PENDIENTE',100000013),
(2,350,700,'REALIZADA',100000014),
(4,425,1700,'REALIZADA',100000015),
(5,475,2375,'PENDIENTE',100000016),
(6,525,3150,'REALIZADA',100000017),
(7,575,4025,'REALIZADA',100000018),
(8,650,5200,'PENDIENTE',100000019),
(9,700,6300,'REALIZADA',100000020);

INSERT INTO DETALLES_ABASTECE (CANTIDAD_PRODUCTO,FECHA_ENTRADA,VALOR_PRODUCTO,INVENTARIO,VENTA) VALUES
(2,'2025-01-06',400,1,1),
(3,'2025-01-11',450,2,2),
(1,'2025-01-16',300,3,3),
(4,'2025-02-02',1000,4,4),
(2,'2025-02-06',800,5,5),
(1,'2025-02-11',100,6,6),
(3,'2025-02-16',675,7,7),
(2,'2025-03-02',550,8,8),
(3,'2025-03-06',975,9,9),
(2,'2025-03-11',700,10,10),
(4,'2025-03-16',1700,11,11),
(5,'2025-04-02',2375,12,12),
(6,'2025-04-06',3150,13,13),
(7,'2025-04-11',4025,14,14),
(8,'2025-04-16',5200,15,15),
(9,'2025-04-21',6300,16,16),
(2,'2025-05-02',850,17,1),
(3,'2025-05-05',900,18,2),
(1,'2025-05-08',950,1,3),
(4,'2025-05-12',1000,2,4),
(2,'2025-05-15',1050,3,5),
(1,'2025-05-18',1100,4,6),
(3,'2025-05-21',750,5,7),
(2,'2025-05-25',800,6,8);

INSERT INTO EVENTO (NOMBRE_EVENTO,DESCRIPCION_EVENTO,TIPO_EVENTO,FECHA_EVENTO,HORA_INICIO,HORA_FIN,LUGAR,OBSERVACIONES) VALUES
('Evento1','DescE1','TipoA','2025-06-01','10:00:00','12:00:00','Sala1','Obs1'),
('Evento2','DescE2','TipoB','2025-06-05','11:00:00','13:00:00','Sala2','Obs2'),
('Evento3','DescE3','TipoA','2025-06-10','09:00:00','11:00:00','Sala3','Obs3'),
('Evento4','DescE4','TipoC','2025-06-15','14:00:00','16:00:00','Sala4','Obs4'),
('Evento5','DescE5','TipoB','2025-06-20','08:00:00','10:00:00','Sala5','Obs5'),
('Evento6','DescE6','TipoA','2025-06-25','15:00:00','17:00:00','Sala6','Obs6'),
('Evento7','DescE7','TipoC','2025-07-01','10:00:00','12:00:00','Sala7','Obs7'),
('Evento8','DescE8','TipoB','2025-07-05','11:00:00','13:00:00','Sala8','Obs8'),
('Evento9','DescE9','TipoA','2025-07-10','09:00:00','11:00:00','Sala9','Obs9'),
('Evento10','DescE10','TipoC','2025-07-15','14:00:00','16:00:00','Sala10','Obs10'),
('Evento11','DescE11','TipoB','2025-07-20','08:00:00','10:00:00','Sala11','Obs11'),
('Evento12','DescE12','TipoA','2025-07-25','15:00:00','17:00:00','Sala12','Obs12'),
('Evento13','DescE13','TipoC','2025-08-01','10:00:00','12:00:00','Sala13','Obs13'),
('Evento14','DescE14','TipoB','2025-08-05','11:00:00','13:00:00','Sala14','Obs14'),
('Evento15','DescE15','TipoA','2025-08-10','09:00:00','11:00:00','Sala15','Obs15'),
('Evento16','DescE16','TipoC','2025-08-15','14:00:00','16:00:00','Sala16','Obs16');

INSERT INTO DETALLE_SURTE_EVENTO (CANTIDAD_PRODUCTO,VALOR_PRODUCTO,INVENTARIO,EVENTO) VALUES
(2,400,1,1),
(3,450,2,2),
(1,300,3,3),
(4,1000,4,4),
(2,800,5,5),
(1,100,6,6),
(3,675,7,7),
(2,550,8,8),
(3,975,9,9),
(2,700,10,10),
(4,1700,11,11),
(5,2375,12,12),
(6,3150,13,13),
(7,4025,14,14),
(8,5200,15,15),
(9,6300,16,16),
(2,850,17,1),
(3,900,18,2),
(1,950,1,3),
(4,1000,2,4),
(2,1050,3,5),
(1,1100,4,6),
(3,750,5,7),
(2,800,6,8);

INSERT INTO VENTAS_CREDITO (SALDO,NUMERO_CUOTAS,FECHA_PAGO_CUOTA,FECHA_FIADO,DEUDA_DE,DE_QUE_VENTA_ES,FECHA_VENCIMIENTO) VALUES
(400,3,'2025-06-01','2025-05-01',100000005,1,'2025-07-01'),
(450,2,'2025-06-05','2025-05-05',100000006,2,'2025-07-05'),
(300,1,'2025-06-10','2025-05-10',100000007,3,'2025-07-10'),
(1000,4,'2025-06-15','2025-05-15',100000008,4,'2025-07-15'),
(800,2,'2025-06-20','2025-05-20',100000009,5,'2025-07-20'),
(100,1,'2025-06-25','2025-05-25',100000010,6,'2025-07-25'),
(675,3,'2025-07-01','2025-06-01',100000011,7,'2025-08-01'),
(550,2,'2025-07-05','2025-06-05',100000012,8,'2025-08-05'),
(975,1,'2025-07-10','2025-06-10',100000013,9,'2025-08-10'),
(700,4,'2025-07-15','2025-06-15',100000014,10,'2025-08-15'),
(1700,5,'2025-07-20','2025-06-20',100000015,11,'2025-08-20'),
(2375,3,'2025-07-25','2025-06-25',100000016,12,'2025-08-25'),
(3150,6,'2025-08-01','2025-07-01',100000017,13,'2025-09-01'),
(4025,7,'2025-08-05','2025-07-05',100000018,14,'2025-09-05'),
(5200,8,'2025-08-10','2025-07-10',100000019,15,'2025-09-10'),
(6300,9,'2025-08-15','2025-07-15',100000020,16,'2025-09-15');

-- CONSULTAS MULTITABLA

/* Consulta para obtener las compras con
los datos del usuario que las registró,
el proveedor que las suministró y
el inventario recibido en dichas compras */
SELECT c.ID_COMPRA, c.FECHA_COMPRA, u.NOMBRE, u.APELLIDO,
       p.NOMBRE_PROVEEDOR, i.NOMBRE_PRODUCTO, ds.CANTIDAD_PRODUCTO
FROM COMPRA c
JOIN USUARIO u ON c.REGISTRADA_POR = u.CEDULA
JOIN PROVEEDOR p ON c.SUMINISTRADA_POR = p.ID_PROVEEDOR
JOIN DETALLES_SURTE ds ON c.ID_COMPRA = ds.COMPRA
JOIN INVENTARIO i ON ds.INVENTARIO = i.ID_INVENTARIO;

/* Consulta que permite mostrar los eventos
y qué productos del inventario fueron usados
para abastecer dichos eventos incluyendo
el valor y cantidad usados por evento */
SELECT e.NOMBRE_EVENTO, e.FECHA_EVENTO, 
       i.NOMBRE_PRODUCTO, dse.CANTIDAD_PRODUCTO,
       dse.VALOR_PRODUCTO
FROM EVENTO e
JOIN DETALLE_SURTE_EVENTO dse ON e.ID_EVENTO = dse.EVENTO
JOIN INVENTARIO i ON dse.INVENTARIO = i.ID_INVENTARIO
JOIN PROVEEDOR p ON p.ID_PROVEEDOR IN (
  SELECT PROVEEDOR FROM DETALLES_SUMINISTRA WHERE INVENTARIO = i.ID_INVENTARIO
);

/* Consulta de control administrativo para ver
las ventas realizadas, con el usuario vendedor,
los productos entregados en dicha venta y
datos básicos del inventario involucrado */
SELECT v.ID_VENTA, u.NOMBRE, u.APELLIDO, 
       i.NOMBRE_PRODUCTO, da.CANTIDAD_PRODUCTO
FROM VENTA v
JOIN USUARIO u ON v.VENTA_REALIZADA_POR = u.CEDULA
JOIN DETALLES_ABASTECE da ON v.ID_VENTA = da.VENTA
JOIN INVENTARIO i ON da.INVENTARIO = i.ID_INVENTARIO;

/* Consulta enfocada a la gestión de fiados,
identificando al usuario deudor, la venta
a la que pertenece la deuda y el detalle
de los productos vendidos en dicha venta */
SELECT vc.ID_FIADO, u.NOMBRE, u.APELLIDO,
       i.NOMBRE_PRODUCTO, da.VALOR_PRODUCTO
FROM VENTAS_CREDITO vc
JOIN USUARIO u ON vc.DEUDA_DE = u.CEDULA
JOIN VENTA v ON vc.DE_QUE_VENTA_ES = v.ID_VENTA
JOIN DETALLES_ABASTECE da ON v.ID_VENTA = da.VENTA
JOIN INVENTARIO i ON da.INVENTARIO = i.ID_INVENTARIO;

/* Reporte completo para la gerencia, muestra
los productos del inventario, su proveedor,
las compras donde fueron incluidos y
la cantidad registrada en cada compra */
SELECT i.NOMBRE_PRODUCTO, p.NOMBRE_PROVEEDOR,
       c.ID_COMPRA, ds.CANTIDAD_PRODUCTO
FROM INVENTARIO i
JOIN DETALLES_SUMINISTRA dsum ON i.ID_INVENTARIO = dsum.INVENTARIO
JOIN PROVEEDOR p ON dsum.PROVEEDOR = p.ID_PROVEEDOR
JOIN DETALLES_SURTE ds ON i.ID_INVENTARIO = ds.INVENTARIO
JOIN COMPRA c ON ds.COMPRA = c.ID_COMPRA;

/* Informe de auditoría completo, que une
datos de ventas a crédito, sus productos,
inventario asociado, vendedor de la venta
y datos de usuario deudor para auditoría */
SELECT vc.ID_FIADO, u.NOMBRE AS DEUDOR, 
       v.ID_VENTA, uv.NOMBRE AS VENDEDOR,
       i.NOMBRE_PRODUCTO, da.VALOR_PRODUCTO
FROM VENTAS_CREDITO vc
JOIN USUARIO u ON vc.DEUDA_DE = u.CEDULA
JOIN VENTA v ON vc.DE_QUE_VENTA_ES = v.ID_VENTA
JOIN USUARIO uv ON v.VENTA_REALIZADA_POR = uv.CEDULA
JOIN DETALLES_ABASTECE da ON v.ID_VENTA = da.VENTA
JOIN INVENTARIO i ON da.INVENTARIO = i.ID_INVENTARIO;
