INSERT INTO USUARIO (CEDULA,NOMBRE,APELLIDO,CONTRASENA,CORREO,TIPO_USUARIO,ESTADO,TELEFONO,GENERO) VALUES
(102345678,'Ana','Lopez','pass1','ana1@mail.com','ADMINISTRADOR','ACTIVO',3101234567,'FEMENINO'),
(109876543,'Luis','Martinez','pass2','luis2@mail.com','ADMINISTRADOR','ACTIVO',3159876543,'MASCULINO'),
(103456789,'María','Gomez','pass3','maria3@mail.com','CAJERO','INACTIVO',3124567890,'FEMENINO'),
(108765432,'Juan','Rodriguez','pass4','juan4@mail.com','CAJERO','ACTIVO',3116543210,'MASCULINO'),
(100112233,'Carla','Fernandez','pass5','carla5@mail.com','CLIENTE','ACTIVO',3101122334,'FEMENINO'),
(104567890,'Pedro','Vargas','pass6','pedro6@mail.com','CLIENTE','ACTIVO',3182345678,'MASCULINO'),
(107654321,'Lucia','Ramirez','pass7','lucia7@mail.com','CLIENTE','INACTIVO',3198765432,'FEMENINO'),
(105678901,'Miguel','Torres','pass8','miguel8@mail.com','CLIENTE','ACTIVO',3145678901,'MASCULINO'),
(106789012,'Elena','Castro','pass9','elena9@mail.com','CLIENTE','ACTIVO',3167890123,'FEMENINO'),
(101234567,'Diego','Santos','pass10','diego10@mail.com','CLIENTE','ACTIVO',3176543210,'MASCULINO'),
(100998877,'Sofia','Mendez','pass11','sofia11@mail.com','CLIENTE','ACTIVO',3109988776,'FEMENINO'),
(109887766,'Raul','Pereira','pass12','raul12@mail.com','CLIENTE','ACTIVO',3158877665,'MASCULINO'),
(101112233,'Laura','Nunez','pass13','laura13@mail.com','CLIENTE','ACTIVO',3121122334,'FEMENINO'),
(100776655,'Carlos','Rojas','pass14','carlos14@mail.com','CLIENTE','ACTIVO',3107766554,'MASCULINO'),
(108812299,'Marta','Silva','pass15','marta15@mail.com','CLIENTE','ACTIVO',3118122993,'FEMENINO'),
(102211144,'Andrés','Flores','pass16','andres16@mail.com','CLIENTE','ACTIVO',3132111445,'MASCULINO'),
(106543219,'Patricia','Ruiz','pass17','patricia17@mail.com','CLIENTE','ACTIVO',3175432198,'FEMENINO'),
(107612340,'Fernando','Morales','pass18','fernando18@mail.com','CLIENTE','ACTIVO',3166123409,'MASCULINO'),
(103210987,'Gabriela','Ortega','pass19','gabriela19@mail.com','CLIENTE','ACTIVO',3102109876,'FEMENINO'),
(102398764,'Jorge','Navarro','pass20','jorge20@mail.com','CLIENTE','ACTIVO',3193987645,'MASCULINO'),
(109943211,'Isabel','Reyes','pass21','isabel21@mail.com','CLIENTE','ACTIVO',3119432110,'FEMENINO'),
(108561200,'Cesar','Camargo','pass22','cesar22@mail.com','CLIENTE','ACTIVO',3125612008,'MASCULINO'),
(107777444,'Natalia','Delgado','pass23','natalia23@mail.com','CLIENTE','ACTIVO',3187774449,'FEMENINO'),
(106331255,'Javier','Salazar','pass24','javier24@mail.com','CLIENTE','ACTIVO',3193312553,'MASCULINO'),
(105444666,'Valentina','Vega','pass25','valentina25@mail.com','CLIENTE','ACTIVO',3134446666,'FEMENINO'),
(104555777,'Oscar','Acosta','pass26','oscar26@mail.com','CLIENTE','ACTIVO',3145557772,'MASCULINO'),
(103666888,'Andrea','Luna','pass27','andrea27@mail.com','CLIENTE','ACTIVO',3176668881,'FEMENINO'),
(102777999,'Samuel','Pinto','pass28','samuel28@mail.com','CLIENTE','ACTIVO',3107779990,'MASCULINO'),
(101888000,'Diana','Mejía','pass29','diana29@mail.com','CLIENTE','ACTIVO',3118880009,'FEMENINO'),
(100999111,'Esteban','Quiroga','pass30','esteban30@mail.com','CLIENTE','ACTIVO',3129991117,'MASCULINO');


INSERT INTO PROVEEDOR (NOMBRE_PROVEEDOR, NUMERO_TELEFONICO, CORREO_PROVEEDOR, DIRECCION, ESTADO) VALUES
('Alimentos Santa Fe', 3104567890, 'santafe.prov@mail.com', 'Calle 12 #4-10, Bogotá', 'ACTIVO'),
('DistriAseo Bogotá', 3123456789, 'contacto@distriaseo.com', 'Cra 20 #45-33, Bogotá', 'ACTIVO'),
('Galletas La Dulzura', 3112233445, 'ventas@ladulzura.com', 'Av 30 #67-90, Soacha', 'INACTIVO'),
('Hogar y Limpieza SAS', 3156789012, 'info@hogarylimpieza.co', 'Calle 18 #9-05, Chía', 'ACTIVO'),
('Proveedora Express', 3167890123, 'express@proveedora.com', 'Cra 7 #80-15, Bogotá', 'ACTIVO'),
('Distribuciones El Vecino', 3145678901, 'elvecino@correo.com', 'Transv 13 #55-40, Bogotá', 'ACTIVO'),
('Almacenes 3 Estrellas', 3134567890, 'contacto@3estrellas.co', 'Cl 100 #20-60, Fontibón', 'INACTIVO'),
('DeliProveedores', 3109988776, 'servicio@deliproveedores.com', 'Cra 50 #12-34, Bogotá', 'ACTIVO'),
('EcoHogar Ltda.', 3182345678, 'ecohogar@mail.com', 'Cra 16 #92-11, Bogotá', 'ACTIVO'),
('Súper Limpio', 3198765432, 'contacto@superlimpio.co', 'Cl 85 #24-70, Bogotá', 'ACTIVO'),
('Snackitos', 3175432198, 'ventas@snackitos.com', 'Cra 10 #45-67, Suba', 'ACTIVO'),
('Productos El Rincón', 3187774449, 'rincon@productos.co', 'Cl 76 #14-23, Engativá', 'ACTIVO'),
('Mundo Aseo', 3193312553, 'mundoaseo@mail.com', 'Av 68 #30-20, Kennedy', 'ACTIVO'),
('Limpia YA!', 3134446666, 'contacto@limpiaya.com', 'Cl 24 #11-50, Teusaquillo', 'INACTIVO'),
('Todo Snacks', 3145557772, 'ventas@todosnacks.com', 'Cra 28 #60-20, Bogotá', 'ACTIVO'),
('Distribuciones Bogotá', 3176668881, 'info@distribogota.com', 'Cl 33 #16-08, Chapinero', 'ACTIVO'),
('Súper Abarrotes', 3168889990, 'abastos@superabarrotes.com', 'Cra 80 #20-50, Suba', 'ACTIVO'),
('ProviLimpio', 3181122334, 'proveedor@provilimpio.com', 'Cl 95 #28-33, Usaquén', 'ACTIVO'),
('Deli Galletas S.A.S.', 3174455667, 'ventas@deligalletas.com', 'Cra 12 #45-78, Bosa', 'ACTIVO'),
('Tienda Mayorista SAS', 3198877665, 'mayorista@tmayor.com', 'Cl 55 #32-18, Tunal', 'INACTIVO'),
('SnackExpress', 3107766554, 'ventas@snackexpress.com', 'Cra 13 #70-19, Engativá', 'ACTIVO'),
('Droguería Mi Barrio', 3132111445, 'info@drogueriabarrio.com', 'Cl 42 #18-21, Bogotá', 'ACTIVO'),
('Higienix Proveedores', 3176543210, 'contacto@higienix.co', 'Cra 33 #15-09, Suba', 'ACTIVO'),
('Lácteos Del Valle', 3186123409, 'ventas@delvalle.com', 'Cl 61 #24-66, Bogotá', 'ACTIVO'),
('Suministros Familia', 3102109876, 'familia@suministros.co', 'Cra 15 #10-10, Bogotá', 'INACTIVO'),
('Distribuidora Norte', 3193987645, 'contacto@nortedis.com', 'Av 68 #33-50, Usaquén', 'ACTIVO'),
('Multiservicios DC', 3119432110, 'multiservicios@dc.com', 'Cra 23 #70-80, Bogotá', 'ACTIVO'),
('Snack Market', 3125612008, 'ventas@snackmarket.com', 'Cl 19 #11-45, Bogotá', 'ACTIVO'),
('Aseo Urbano', 3189991234, 'contacto@aseourbano.co', 'Cra 16 #100-55, Suba', 'ACTIVO'),
('DistriProductos SAS', 3138887777, 'info@distriproductos.com', 'Cl 70 #27-80, Bogotá', 'ACTIVO');

INSERT INTO INVENTARIO (NOMBRE_PRODUCTO, DESCRIPCION_PRODUCTO, CANTIDAD_DISPONIBLE, UNIDAD_MEDIDA,ESTADO_PRODUCTO, COSTO_UNITARIO, FECHA_ENTREGA, FECHA_VENCIMIENTO, REGISTRADO_POR) VALUES
('Galletas Festival', 'Galletas de vainilla con crema', 20, 'G', 'DISPONIBLE', 800, '2025-06-10', '2025-12-10', 102345678), -- Ana (ADMINISTRADOR)
('Jabón Rey', 'Jabón azul multiusos', 15, 'G', 'DISPONIBLE', 1200, '2025-05-15', '2024-07-08', 109876543), -- Luis (ADMINISTRADOR)
('Detergente Fab', 'Detergente en polvo 1Kg', 10, 'Kg', 'DISPONIBLE', 4500, '2025-06-01', '2024-07-08', 102345678), -- Ana (ADMINISTRADOR)
('Coca-Cola', 'Botella personal 400ml', 25, 'Ml', 'DISPONIBLE', 2500, '2025-06-20', '2025-09-01', 109876543), -- Luis (ADMINISTRADOR)
('Chocorramo', 'Ponqué cubierto de chocolate', 18, 'G', 'DISPONIBLE', 2200, '2025-06-05', '2025-10-05', 102345678), -- Ana (ADMINISTRADOR)
('Papel Higiénico Familia', 'Doble hoja x 4 rollos', 12, 'G', 'DISPONIBLE', 5000, '2025-06-12', '2024-07-08', 109876543), -- Luis (ADMINISTRADOR)
('Agua Cristal', 'Botella 600ml', 30, 'Ml', 'DISPONIBLE', 1500, '2025-06-17', '2025-09-17', 102345678), -- Ana (ADMINISTRADOR)
('Shampoo Savital', 'Con sábila 400ml', 10, 'Ml', 'DISPONIBLE', 6800, '2025-05-30', '2026-05-30', 109876543), -- Luis (ADMINISTRADOR)
('Jugo Hit', 'Caja 200ml - Mora', 20, 'Ml', 'DISPONIBLE', 1600, '2025-06-18', '2025-09-18', 102345678), -- Ana (ADMINISTRADOR)
('Margarina Rama', 'Tarrina 250g', 10, 'G', 'DISPONIBLE', 3800, '2025-06-15', '2025-12-15', 109876543), -- Luis (ADMINISTRADOR)
('Café Águila Roja', 'Paquete 250g', 8, 'G', 'DISPONIBLE', 7000, '2025-06-03', '2026-01-03', 102345678), -- Ana (ADMINISTRADOR)
('Huevos AA', 'Cubeta 30 unidades', 5, 'G', 'DISPONIBLE', 13500, '2025-06-10', '2025-06-30', 109876543), -- Luis (ADMINISTRADOR)
('Leche Alquería', 'Bolsa 1L', 15, 'L', 'DISPONIBLE', 3200, '2025-06-19', '2025-07-10', 102345678), -- Ana (ADMINISTRADOR)
('Pan Tajado Bimbo', 'Paquete familiar', 7, 'G', 'DISPONIBLE', 5500, '2025-06-15', '2025-07-05', 109876543), -- Luis (ADMINISTRADOR)
('Vinagre Blanco', 'Botella 500ml', 10, 'Ml', 'DISPONIBLE', 2200, '2025-05-28', '2026-05-28', 102345678), -- Ana (ADMINISTRADOR)
('Sal Refisal', 'Sal yodada 1Kg', 10, 'Kg', 'DISPONIBLE', 2800, '2025-06-12', '2024-07-08', 109876543), -- Luis (ADMINISTRADOR)
('Aceite Premier', 'Botella 1L', 10, 'L', 'DISPONIBLE', 9200, '2025-06-06', '2026-01-06', 102345678), -- Ana (ADMINISTRADOR)
('Cloro Mr Músculo', 'Botella 1L', 8, 'L', 'DISPONIBLE', 3500, '2025-06-10', '2026-06-10', 109876543), -- Luis (ADMINISTRADOR)
('Toallas Familia', 'Empaque de 100', 6, 'G', 'DISPONIBLE', 5200, '2025-06-14', '2024-07-08', 102345678), -- Ana (ADMINISTRADOR)
('Yogurt Alpina', 'Botella fresa 750ml', 12, 'Ml', 'DISPONIBLE', 4600, '2025-06-20', '2025-07-20', 109876543), -- Luis (ADMINISTRADOR)
('Arequipe Alpina', 'Pote 220g', 10, 'G', 'DISPONIBLE', 3900, '2025-06-11', '2025-11-11', 102345678), -- Ana (ADMINISTRADOR)
('Maní Salado', 'Bolsa 100g', 20, 'G', 'DISPONIBLE', 1300, '2025-06-18', '2025-10-18', 109876543), -- Luis (ADMINISTRADOR)
('Chocolate Jet', 'Barra 12g', 30, 'G', 'DISPONIBLE', 600, '2025-06-19', '2026-01-19', 102345678), -- Ana (ADMINISTRADOR)
('Gel Antibacterial', 'Frasco 300ml', 10, 'Ml', 'DISPONIBLE', 2900, '2025-06-01', '2026-06-01', 109876543), -- Luis (ADMINISTRADOR)
('Crema Dental Colgate', '120ml', 15, 'Ml', 'DISPONIBLE', 4600, '2025-06-07', '2027-06-07', 102345678), -- Ana (ADMINISTRADOR)
('Arroz Diana', 'Bolsa 1Kg', 20, 'Kg', 'DISPONIBLE', 4400, '2025-06-15', '2026-06-15', 109876543), -- Luis (ADMINISTRADOR)
('Frijoles Cargamanto', 'Bolsa 500g', 12, 'G', 'DISPONIBLE', 4800, '2025-06-11', '2026-06-11', 102345678), -- Ana (ADMINISTRADOR)
('Harina PAN', 'Harina de maíz precocida 1Kg', 8, 'Kg', 'DISPONIBLE', 5200, '2025-06-10', '2026-06-10', 109876543), -- Luis (ADMINISTRADOR)
('Azúcar Incauca', 'Bolsa 1Kg', 10, 'Kg', 'DISPONIBLE', 3500, '2025-06-12', '2026-06-12', 102345678), -- Ana (ADMINISTRADOR)
('Avena Alpina', 'Botella 1L', 10, 'L', 'DISPONIBLE', 3300, '2025-06-13', '2025-07-13', 109876543); -- Luis (ADMINISTRADOR)

---

INSERT INTO COMPRA (FECHA_COMPRA,VALOR_COMPRA,CANTIDAD_COMPRA,ESTADO_COMPRA,DESCUENTO,REGISTRADA_POR,SUMINISTRADA_POR) VALUES
('2025-01-05',1000,5,'REALIZADA',NULL,102345678,1), -- Ana (ADMINISTRADOR)
('2025-01-10',1500,7,'REALIZADA',100,109876543,2), -- Luis (ADMINISTRADOR)
('2025-01-15',800,4,'NO REALIZADA',NULL,103456789,3), -- María (CAJERO)
('2025-02-01',1200,6,'REALIZADA',50,108765432,4), -- Juan (CAJERO)
('2025-02-05',2000,10,'REALIZADA',NULL,102345678,5), -- Ana (ADMINISTRADOR)
('2025-02-10',500,2,'NO REALIZADA',NULL,109876543,6), -- Luis (ADMINISTRADOR)
('2025-02-15',900,3,'REALIZADA',75,103456789,7), -- María (CAJERO)
('2025-03-01',1100,5,'REALIZADA',NULL,108765432,8), -- Juan (CAJERO)
('2025-03-05',1300,6,'REALIZADA',NULL,102345678,9), -- Ana (ADMINISTRADOR)
('2025-03-10',1400,7,'NO REALIZADA',NULL,109876543,10), -- Luis (ADMINISTRADOR)
('2025-03-15',1600,8,'REALIZADA',80,103456789,11), -- María (CAJERO)
('2025-04-01',1700,9,'REALIZADA',NULL,108765432,12), -- Juan (CAJERO)
('2025-04-05',1800,10,'NO REALIZADA',NULL,102345678,13), -- Ana (ADMINISTRADOR)
('2025-04-10',1900,11,'REALIZADA',90,109876543,14), -- Luis (ADMINISTRADOR)
('2025-04-15',2100,12,'REALIZADA',NULL,103456789,15), -- María (CAJERO)
('2025-04-20',2200,13,'NO REALIZADA',NULL,108765432,16), -- Juan (CAJERO)
('2025-04-25',2300,14,'REALIZADA',100,102345678,17), -- Ana (ADMINISTRADOR)
('2025-05-01',2400,15,'REALIZADA',NULL,109876543,18), -- Luis (ADMINISTRADOR)
('2025-05-05',2500,16,'NO REALIZADA',NULL,103456789,19), -- María (CAJERO)
('2025-05-10',2600,17,'REALIZADA',120,108765432,20); -- Juan (CAJERO)
INSERT INTO DETALLES_SUMINISTRA (PROVEEDOR, INVENTARIO) VALUES
(1, 1), (2, 2), (3, 3), (4, 4), (5, 5),
(6, 6), (7, 7), (8, 8), (9, 9), (10, 10),
(11, 11), (12, 12), (13, 13), (14, 14), (15, 15),
(16, 16), (17, 17), (18, 18), (19, 19), (20, 20),
(21, 21), (22, 22), (23, 23), (24, 24), (25, 25),
(26, 26), (27, 27), (28, 28), (29, 29), (30, 30);

INSERT INTO DETALLES_SUMINISTRA (PROVEEDOR, INVENTARIO) VALUES
(1, 1), (2, 2), (3, 3), (4, 4), (5, 5),
(6, 6), (7, 7), (8, 8), (9, 9), (10, 10),
(11, 11), (12, 12), (13, 13), (14, 14), (15, 15),
(16, 16), (17, 17), (18, 18), (19, 19), (20, 20),
(21, 21), (22, 22), (23, 23), (24, 24), (25, 25),
(26, 26), (27, 27), (28, 28), (29, 29), (30, 30);

-- Inserciones para la tabla EVENTO
INSERT INTO EVENTO(NOMBRE_EVENTO, DESCRIPCION_EVENTO, TIPO_EVENTO, FECHA_EVENTO, HORA_INICIO, HORA_FIN, LUGAR, OBSERVACIONES, DESCUENTO) VALUES
('Aniversario Tienda', 'Celebración de 5 años de apertura', 'Celebración', '2025-07-15', '10:00:00', '18:00:00', 'Tienda Principal', 'Descuentos especiales en productos seleccionados', 10),
('Día del Cliente', 'Día de agradecimiento a nuestros clientes', 'Promoción', '2025-08-01', '09:00:00', '20:00:00', 'Tienda Principal', 'Regalos y ofertas exclusivas', 5),
('Feria de Productos Locales', 'Apoyando a productores de la región', 'Feria', '2025-09-10', '08:00:00', '17:00:00', 'Parque Central', 'Degustaciones y ventas directas', 0),
('Temporada Escolar', 'Ofertas para el regreso a clases', 'Promoción', '2025-07-25', '09:00:00', '19:00:00', 'Tienda Principal', 'Descuento en útiles y snacks', 8),
('Navidad en Familia', 'Eventos y descuentos navideños', 'Festividad', '2025-12-20', '10:00:00', '21:00:00', 'Tienda Principal', 'Visita de Papá Noel', 15),
('Black Friday', 'Grandes descuentos en todas las categorías', 'Promoción', '2025-11-28', '00:00:00', '23:59:59', 'Online y Tienda', 'Ofertas por tiempo limitado', 20),
('Día de la Madre', 'Celebración y ofertas para mamás', 'Festividad', '2026-05-10', '09:00:00', '20:00:00', 'Tienda Principal', 'Sorpresas y promociones', 7),
('Día del Padre', 'Ofertas especiales para papás', 'Festividad', '2026-06-15', '09:00:00', '20:00:00', 'Tienda Principal', 'Combos y regalos', 6),
('Semana del Ahorro', 'Precios bajos en productos de canasta familiar', 'Promoción', '2025-10-05', '08:00:00', '20:00:00', 'Tienda Principal', 'Productos básicos a precios increíbles', 10),
('Halloween Divertido', 'Dulces y disfraces para niños', 'Festividad', '2025-10-31', '14:00:00', '19:00:00', 'Tienda Principal', 'Concurso de disfraces', 5),
('Cyber Monday', 'Descuentos online post Black Friday', 'Promoción', '2025-12-01', '00:00:00', '23:59:59', 'Online', 'Solo por la web', 18),
('Festival del Café', 'Degustación y venta de cafés especiales', 'Culinario', '2026-01-20', '09:00:00', '16:00:00', 'Zona de Cafetería', 'Cafés de origen', 0),
('Feria de Salud y Bienestar', 'Productos saludables y charlas', 'Bienestar', '2026-02-05', '10:00:00', '17:00:00', 'Tienda Principal', 'Alimentos orgánicos y suplementos', 0),
('Gran Reapertura Sucursal', 'Reinauguración con ofertas especiales', 'Reinauguración', '2026-03-01', '09:00:00', '21:00:00', 'Nueva Sucursal', 'Primeros 100 clientes con obsequio', 12),
('Día de la Niñez', 'Actividades y ofertas para los más pequeños', 'Festividad', '2026-04-30', '10:00:00', '18:00:00', 'Tienda Principal', 'Zona de juegos y sorpresas', 8),
('Vacaciones Recreativas', 'Descuentos en snacks y bebidas para el viaje', 'Promoción', '2026-07-01', '09:00:00', '20:00:00', 'Tienda Principal', 'Ideal para llevar en el carro', 7),
('Día de Amor y Amistad', 'Ofertas en dulces y regalos', 'Festividad', '2026-09-17', '09:00:00', '20:00:00', 'Tienda Principal', 'Comparte con tus seres queridos', 10),
('Festival de la Limpieza', 'Productos de aseo con grandes descuentos', 'Promoción', '2026-10-10', '08:00:00', '19:00:00', 'Tienda Principal', 'Tu hogar más limpio y brillante', 15),
('Cyber Week', 'Una semana de descuentos online', 'Promoción', '2025-12-05', '00:00:00', '23:59:59', 'Online', 'No te pierdas estas ofertas', 17),
('Degustación de Quesos', 'Prueba los mejores quesos nacionales e importados', 'Culinario', '2026-03-20', '16:00:00', '20:00:00', 'Sección Lácteos', 'Maridaje con vinos', 0),
('Maratón de Ahorro', 'Descuentos progresivos por compras', 'Promoción', '2025-08-15', '08:00:00', '22:00:00', 'Tienda Principal', 'Cuanto más compras, más ahorras', 10),
('Mes del Desayuno', 'Ofertas en cereales, café y pan', 'Promoción', '2025-09-01', '07:00:00', '12:00:00', 'Tienda Principal', 'Empieza tu día con energía', 8),
('Festival de la Pasta', 'Variedad de pastas y salsas en oferta', 'Culinario', '2025-10-20', '10:00:00', '18:00:00', 'Sección Alimentos', 'Recetas y tips de cocina', 5),
('Fin de Año Loco', 'Últimos descuentos del año', 'Promoción', '2025-12-28', '09:00:00', '22:00:00', 'Tienda Principal', 'Prepara tu cena de fin de año', 12),
('Vuelta al Mundo de Sabores', 'Productos internacionales con descuento', 'Gastronómico', '2026-01-10', '10:00:00', '19:00:00', 'Tienda Principal', 'Explora nuevos sabores', 7),
('Festival de Bebidas', 'Refrescos, jugos y aguas con ofertas', 'Promoción', '2026-02-14', '09:00:00', '18:00:00', 'Sección Bebidas', 'Hidratación y sabor', 6),
('Semana de la Belleza', 'Productos de cuidado personal y cosméticos', 'Belleza', '2026-03-10', '10:00:00', '20:00:00', 'Tienda Principal', 'Luce radiante cada día', 9),
('Pascua Sorpresa', 'Huevos de chocolate y dulces de temporada', 'Festividad', '2026-04-05', '10:00:00', '17:00:00', 'Tienda Principal', 'Encuentra el huevo dorado', 5),
('Mes del Deporte', 'Snacks saludables y bebidas energéticas', 'Salud', '2026-05-01', '09:00:00', '19:00:00', 'Sección Snacks', 'Mantente activo y saludable', 8),
('Festival del Helado', 'Descuentos en todas las marcas de helado', 'Culinario', '2026-06-01', '11:00:00', '19:00:00', 'Sección Congelados', 'Perfecto para el calor', 7);

-- Inserciones para la tabla VENTA
-- Usando usuarios ADMINISTRADOR y CAJERO para VENTA_REALIZADA_POR
-- Y IDs de eventos generados previamente
INSERT INTO VENTA(FECHA_SALIDA, TOTAL_PAGAR, ESTADO_VENTA, VENTA_REALIZADA_POR, DESCUENTO_POR_EVENTO) VALUES
('2025-07-15', 50000, 'REALIZADA', 102345678, 1), -- Ana (ADMINISTRADOR) - Aniversario Tienda
('2025-08-01', 35000, 'REALIZADA', 109876543, 2), -- Luis (ADMINISTRADOR) - Día del Cliente
('2025-09-10', 20000, 'PENDIENTE', 103456789, 3), -- María (CAJERO) - Feria Productos Locales
('2025-07-25', 45000, 'REALIZADA', 108765432, 4), -- Juan (CAJERO) - Temporada Escolar
('2025-12-20', 70000, 'REALIZADA', 102345678, 5), -- Ana (ADMINISTRADOR) - Navidad en Familia
('2025-11-28', 120000, 'REALIZADA', 109876543, 6), -- Luis (ADMINISTRADOR) - Black Friday
('2026-05-10', 28000, 'REALIZADA', 103456789, 7), -- María (CAJERO) - Día de la Madre
('2026-06-15', 33000, 'PENDIENTE', 108765432, 8), -- Juan (CAJERO) - Día del Padre
('2025-10-05', 48000, 'REALIZADA', 102345678, 9), -- Ana (ADMINISTRADOR) - Semana del Ahorro
('2025-10-31', 15000, 'REALIZADA', 109876543, 10), -- Luis (ADMINISTRADOR) - Halloween Divertido
('2025-12-01', 90000, 'REALIZADA', 103456789, 11), -- María (CAJERO) - Cyber Monday
('2026-01-20', 25000, 'REALIZADA', 108765432, 12), -- Juan (CAJERO) - Festival del Café
('2026-02-05', 40000, 'PENDIENTE', 102345678, 13), -- Ana (ADMINISTRADOR) - Feria Salud y Bienestar
('2026-03-01', 60000, 'REALIZADA', 109876543, 14), -- Luis (ADMINISTRADOR) - Gran Reapertura
('2026-04-30', 22000, 'REALIZADA', 103456789, 15), -- María (CAJERO) - Día de la Niñez
('2026-07-01', 30000, 'PENDIENTE', 108765432, 16), -- Juan (CAJERO) - Vacaciones Recreativas
('2026-09-17', 55000, 'REALIZADA', 102345678, 17), -- Ana (ADMINISTRADOR) - Amor y Amistad
('2026-10-10', 75000, 'REALIZADA', 109876543, 18), -- Luis (ADMINISTRADOR) - Festival de la Limpieza
('2025-12-05', 100000, 'REALIZADA', 103456789, 19), -- María (CAJERO) - Cyber Week
('2026-03-20', 38000, 'PENDIENTE', 108765432, 20), -- Juan (CAJERO) - Degustación Quesos
('2025-08-15', 65000, 'REALIZADA', 102345678, 21), -- Ana (ADMINISTRADOR) - Maratón de Ahorro
('2025-09-01', 27000, 'REALIZADA', 109876543, 22), -- Luis (ADMINISTRADOR) - Mes del Desayuno
('2025-10-20', 32000, 'PENDIENTE', 103456789, 23), -- María (CAJERO) - Festival de la Pasta
('2025-12-28', 85000, 'REALIZADA', 108765432, 24), -- Juan (CAJERO) - Fin de Año Loco
('2026-01-10', 42000, 'REALIZADA', 102345678, 25), -- Ana (ADMINISTRADOR) - Vuelta al Mundo de Sabores
('2026-02-14', 29000, 'PENDIENTE', 109876543, 26), -- Luis (ADMINISTRADOR) - Festival de Bebidas
('2026-03-10', 58000, 'REALIZADA', 103456789, 27), -- María (CAJERO) - Semana de la Belleza
('2026-04-05', 18000, 'REALIZADA', 108765432, 28), -- Juan (CAJERO) - Pascua Sorpresa
('2026-05-01', 36000, 'PENDIENTE', 102345678, 29), -- Ana (ADMINISTRADOR) - Mes del Deporte
('2026-06-01', 25000, 'REALIZADA', 109876543, 30); -- Luis (ADMINISTRADOR) - Festival del Helado

-- Inserciones para la tabla DETALLES_VENTA
-- Enlaza ventas con inventario, asegurando al menos 30 registros
INSERT INTO DETALLES_VENTA (CANTIDAD_PRODUCTO, VALOR_TOTAL, INVENTARIO, VENTA) VALUES
(2, 1600, 1, 1), -- Galletas Festival en Venta 1
(1, 1200, 2, 1), -- Jabón Rey en Venta 1
(3, 13500, 12, 2), -- Huevos AA en Venta 2
(1, 2500, 4, 3), -- Coca-Cola en Venta 3
(2, 4400, 26, 4), -- Arroz Diana en Venta 4
(5, 11000, 14, 5), -- Pan Tajado Bimbo en Venta 5
(1, 600, 23, 6), -- Chocolate Jet en Venta 6
(2, 7000, 11, 7), -- Café Águila Roja en Venta 7
(3, 4500, 7, 8), -- Agua Cristal en Venta 8
(1, 3800, 10, 9), -- Margarina Rama en Venta 9
(2, 6400, 13, 10), -- Leche Alquería en Venta 10
(4, 18400, 17, 11), -- Aceite Premier en Venta 11
(1, 3500, 18, 12), -- Cloro Mr Músculo en Venta 12
(3, 13800, 25, 13), -- Crema Dental Colgate en Venta 13
(2, 9600, 27, 14), -- Frijoles Cargamanto en Venta 14
(1, 5200, 28, 15), -- Harina PAN en Venta 15
(2, 7000, 29, 16), -- Azúcar Incauca en Venta 16
(3, 9900, 30, 17), -- Avena Alpina en Venta 17
(1, 800, 1, 18), -- Galletas Festival en Venta 18
(2, 2400, 2, 19), -- Jabón Rey en Venta 19
(1, 4500, 3, 20), -- Detergente Fab en Venta 20
(3, 7500, 4, 21), -- Coca-Cola en Venta 21
(2, 4400, 5, 22), -- Chocorramo en Venta 22
(1, 5000, 6, 23), -- Papel Higiénico Familia en Venta 23
(2, 3000, 7, 24), -- Agua Cristal en Venta 24
(1, 6800, 8, 25), -- Shampoo Savital en Venta 25
(3, 4800, 9, 26), -- Jugo Hit en Venta 26
(2, 7600, 10, 27), -- Margarina Rama en Venta 27
(1, 7000, 11, 28), -- Café Águila Roja en Venta 28
(2, 27000, 12, 29), -- Huevos AA en Venta 29
(1, 3200, 13, 30); -- Leche Alquería en Venta 30

-- Inserciones para la tabla DETALLE_SURTE_EVENTO
INSERT INTO DETALLE_SURTE_EVENTO (CANTIDAD_PRODUCTO, VALOR_PRODUCTO, INVENTARIO, EVENTO) VALUES
(10, 8000, 1, 1), -- Galletas Festival para Aniversario Tienda
(5, 6000, 2, 2), -- Jabón Rey para Día del Cliente
(2, 9000, 3, 3), -- Detergente Fab para Feria Productos Locales
(15, 37500, 4, 4), -- Coca-Cola para Temporada Escolar
(8, 17600, 5, 5), -- Chocorramo para Navidad en Familia
(6, 30000, 6, 6), -- Papel Higiénico Familia para Black Friday
(20, 30000, 7, 7), -- Agua Cristal para Día de la Madre
(4, 27200, 8, 8), -- Shampoo Savital para Día del Padre
(10, 16000, 9, 9), -- Jugo Hit para Semana del Ahorro
(5, 19000, 10, 10), -- Margarina Rama para Halloween Divertido
(3, 21000, 11, 11), -- Café Águila Roja para Cyber Monday
(2, 27000, 12, 12), -- Huevos AA para Festival del Café
(7, 22400, 13, 13), -- Leche Alquería para Feria Salud y Bienestar
(4, 22000, 14, 14), -- Pan Tajado Bimbo para Gran Reapertura
(5, 11000, 15, 15), -- Vinagre Blanco para Día de la Niñez
(5, 14000, 16, 16), -- Sal Refisal para Vacaciones Recreativas
(3, 27600, 17, 17), -- Aceite Premier para Amor y Amistad
(4, 14000, 18, 18), -- Cloro Mr Músculo para Festival de la Limpieza
(3, 15600, 19, 19), -- Toallas Familia para Cyber Week
(6, 27600, 20, 20), -- Yogurt Alpina para Degustación Quesos
(5, 19500, 21, 21), -- Arequipe Alpina para Maratón de Ahorro
(10, 13000, 22, 22), -- Maní Salado para Mes del Desayuno
(15, 9000, 23, 23), -- Chocolate Jet para Festival de la Pasta
(5, 14500, 24, 24), -- Gel Antibacterial para Fin de Año Loco
(8, 36800, 25, 25), -- Crema Dental Colgate para Vuelta al Mundo de Sabores
(10, 44000, 26, 26), -- Arroz Diana para Festival de Bebidas
(6, 28800, 27, 27), -- Frijoles Cargamanto para Semana de la Belleza
(4, 20800, 28, 28), -- Harina PAN para Pascua Sorpresa
(5, 17500, 29, 29), -- Azúcar Incauca para Mes del Deporte
(5, 16500, 30, 30); -- Avena Alpina para Festival del Helado

-- Inserciones para la tabla VENTAS_CREDITO
-- Usando usuarios CLIENTE para DEUDA_DE y VENTA IDs
INSERT INTO VENTAS_CREDITO (SALDO, NUMERO_CUOTAS, FECHA_PAGO_CUOTA, FECHA_FIADO, DEUDA_DE, DE_QUE_VENTA_ES, FECHA_VENCIMIENTO) VALUES
(25000, 5, '2025-08-15', '2025-07-15', 100112233, 1, '2026-01-15'), -- Carla (CLIENTE)
(15000, 3, '2025-09-01', '2025-08-01', 104567890, 2, '2025-11-01'), -- Pedro (CLIENTE)
(10000, 2, '2025-10-10', '2025-09-10', 107654321, 3, '2025-11-10'), -- Lucia (CLIENTE)
(22500, 4, '2025-08-25', '2025-07-25', 105678901, 4, '2025-12-25'), -- Miguel (CLIENTE)
(35000, 7, '2026-01-20', '2025-12-20', 106789012, 5, '2026-07-20'), -- Elena (CLIENTE)
(60000, 10, '2026-01-28', '2025-11-28', 101234567, 6, '2026-10-28'), -- Diego (CLIENTE)
(14000, 2, '2026-06-10', '2026-05-10', 100998877, 7, '2026-07-10'), -- Sofia (CLIENTE)
(16500, 3, '2026-07-15', '2026-06-15', 109887766, 8, '2026-09-15'), -- Raul (CLIENTE)
(24000, 4, '2025-11-05', '2025-10-05', 101112233, 9, '2026-02-05'), -- Laura (CLIENTE)
(7500, 1, '2025-11-30', '2025-10-31', 100776655, 10, '2025-11-30'), -- Carlos (CLIENTE)
(45000, 5, '2026-01-01', '2025-12-01', 108812299, 11, '2026-05-01'), -- Marta (CLIENTE)
(12500, 2, '2026-02-20', '2026-01-20', 102211144, 12, '2026-03-20'), -- Andrés (CLIENTE)
(20000, 4, '2026-03-05', '2026-02-05', 106543219, 13, '2026-06-05'), -- Patricia (CLIENTE)
(30000, 6, '2026-04-01', '2026-03-01', 107612340, 14, '2026-09-01'), -- Fernando (CLIENTE)
(11000, 2, '2026-05-30', '2026-04-30', 103210987, 15, '2026-06-30'), -- Gabriela (CLIENTE)
(15000, 3, '2026-08-01', '2026-07-01', 102398764, 16, '2026-10-01'), -- Jorge (CLIENTE)
(27500, 5, '2026-10-17', '2026-09-17', 109943211, 17, '2027-02-17'), -- Isabel (CLIENTE)
(37500, 7, '2026-11-10', '2026-10-10', 108561200, 18, '2027-05-10'), -- Cesar (CLIENTE)
(50000, 10, '2026-01-05', '2025-12-05', 107777444, 19, '2026-10-05'), -- Natalia (CLIENTE)
(19000, 3, '2026-04-20', '2026-03-20', 106331255, 20, '2026-06-20'), -- Javier (CLIENTE)
(32500, 5, '2025-09-15', '2025-08-15', 105444666, 21, '2026-01-15'), -- Valentina (CLIENTE)
(13500, 2, '2025-10-01', '2025-09-01', 104555777, 22, '2025-11-01'), -- Oscar (CLIENTE)
(16000, 3, '2025-11-20', '2025-10-20', 103666888, 23, '2026-01-20'), -- Andrea (CLIENTE)
(42500, 8, '2026-01-28', '2025-12-28', 102777999, 24, '2026-08-28'), -- Samuel (CLIENTE)
(21000, 4, '2026-02-10', '2026-01-10', 101888000, 25, '2026-05-10'), -- Diana (CLIENTE)
(14500, 3, '2026-03-14', '2026-02-14', 100999111, 26, '2026-05-14'), -- Esteban (CLIENTE)
(29000, 5, '2026-04-10', '2026-03-10', 100112233, 27, '2026-08-10'), -- Carla (CLIENTE)
(9000, 2, '2026-05-05', '2026-04-05', 104567890, 28, '2026-06-05'), -- Pedro (CLIENTE)
(18000, 4, '2026-06-01', '2026-05-01', 107654321, 29, '2026-09-01'), -- Lucia (CLIENTE)
(12500, 3, '2026-07-01', '2026-06-01', 105678901, 30, '2026-09-01'); -- Miguel (CLIENTE)
