INSERT INTO USUARIO(CEDULA,NOMBRE,APELLIDO,CONTRASENA,CORREO,TIPO_USUARIO,ESTADO,TELEFONO,GENERO,FECHA_NACIMIENTO,TIPO_SANGRE)
VALUES 
(1147484290,'Diego Alejandro','Soler Fonseca','developer.admin','diego.soler.admin@gmail.com','ADMINISTRADOR','ACTIVO',3125565319,'MASCULINO','2005-05-16','O+'),
(1034785120,'Daniel Felipe','Chica Feria','Chica.admin','daniel.chica.admin@gmail.com','ADMINISTRADOR','ACTIVO',3109876543,'MASCULINO','2005-05-16','O+'),
(4521876531,'Juan Camilo','Giraldo Leon','leon.admin','juan.camilo@gmail.com','ADMINISTRADOR','ACTIVO',3152345678,'MASCULINO','2005-05-16','O+'),
(1234587642,'Fernando Andres','Villegas Vargas','superdeveloper','fernando.villegas@gmail.com','CAJERO','ACTIVO',3001234567,'MASCULINO','2005-05-16','O+'),
(5464243457,'Camilo Jose','Ferney Zuñiga','camilo.cliente','camilo.ferney@gmail.com','CAJERO','ACTIVO',3178765432,'MASCULINO','2005-05-16','O+'),
(6456424414,'Manuel Alexander','Castañeda Molina','manuel.cliente','alexander.castaneda@gmail.com','CLIENTE','ACTIVO',3125565319,'MASCULINO','2005-05-16','O+'),
(7897823146,'Jefferson Gustavo','Diaz Gimenez','jefferson.cliente','gustavo.diaz@gmail.com','CLIENTE','ACTIVO',3146543210,'MASCULINO','2005-05-16','O+'),
(1546723649,'Camila Andrea','Doris Nunez','camila.cliente','andrea.doris@gmail.com','CLIENTE','ACTIVO',3009876543,'FEMENINO','2005-05-16','O+'),
(7842136614,'Paula Sofia','Zapata Arjona','paula.cliente','sofia.zapata@gmail.com','CLIENTE','ACTIVO',3112345678,'FEMENINO','2005-05-16','O+'),
(7895432112,'Keinner Jose','Nubia Cifuentes','keinner.cliente','jose.cifuentes@gmail.com','CLIENTE','ACTIVO',3187654321,'MASCULINO','2005-05-16','O+'),
(1114567896,'Emanuel Camilo','Gimenez Lopez','emmanuel.cliente','camilo.gimenez@gmail.com','CLIENTE','ACTIVO',3018765432,'MASCULINO','2005-05-16','O+'),
(1235789641,'Daniela Denis','Cortes Marulanda','daniela.cliente','daniela.cortes@gmail.com','CLIENTE','ACTIVO',3176543210,'FEMENINO','2005-05-16','O+'),
(1012345678,'Valentina','Ramirez Torres','valentina.cliente','valentina.ramirez@gmail.com','CLIENTE','ACTIVO',3123456789,'FEMENINO','1998-04-15','A+'),
(1023456789,'Santiago','Lopez Herrera','santiago.cliente','santiago.lopez@gmail.com','CLIENTE','ACTIVO',3108765432,'MASCULINO','1987-11-02','B+'),
(1034567890,'Laura','Martinez Peña','laura.cliente','laura.martinez@gmail.com','CLIENTE','ACTIVO',3156781234,'FEMENINO','1995-06-22','O-'),
(1045678901,'Andres','Rodriguez Salazar','andres.cliente','andres.rodriguez@gmail.com','CLIENTE','ACTIVO',3134567890,'MASCULINO','1984-01-10','AB+'),
(1056789012,'Maria Camila','Gonzalez Rivera','camila.cliente','camila.gonzalez@gmail.com','CLIENTE','ACTIVO',3165432187,'FEMENINO','1990-08-05','A-'),
(1067890123,'Jorge','Castro Medina','jorge.cliente','jorge.castro@gmail.com','CLIENTE','ACTIVO',3147896543,'MASCULINO','1982-12-18','O+'),
(1078901234,'Juliana','Ramírez Páez','juliana.cliente','juliana.paez@gmail.com','CLIENTE','ACTIVO',3009873214,'FEMENINO','1999-03-11','B-'),
(1089012345,'Felipe','Moreno Cárdenas','felipe.cliente','felipe.moreno@gmail.com','CLIENTE','ACTIVO',3117654321,'MASCULINO','2000-09-07','AB-'),
(1090123456,'Isabella','Pineda Gómez','isabella.cliente','isabella.pineda@gmail.com','CLIENTE','ACTIVO',3176543123,'FEMENINO','1994-02-28','O+'),
(1101234567,'Mateo','Cano Restrepo','mateo.cliente','mateo.cano@gmail.com','CLIENTE','ACTIVO',3187650987,'MASCULINO','1986-07-19','A+'),
(1122345678,'Sofia','Mendoza Becerra','sofia.cliente','sofia.mendoza@gmail.com','CLIENTE','ACTIVO',3120987654,'FEMENINO','1997-10-13','B+'),
(1133456789,'Carlos','Torres Andrade','carlos.cliente','carlos.torres@gmail.com','CLIENTE','ACTIVO',3098765432,'MASCULINO','1980-05-25','O-'),
(1144567890,'Karen','Velasquez Jimenez','karen.cliente','karen.velasquez@gmail.com','CLIENTE','ACTIVO',3143216789,'FEMENINO','1989-01-16','A+'),
(1155678901,'Sebastian','Diaz Pardo','sebastian.cliente','sebastian.diaz@gmail.com','CLIENTE','ACTIVO',3156547890,'MASCULINO','2001-11-09','B-'),
(1166789012,'Luisa Fernanda','Reyes Romero','luisa.cliente','luisa.reyes@gmail.com','CLIENTE','ACTIVO',3112349876,'FEMENINO','1993-06-29','AB+'),
(1177890123,'David','Vargas Niño','david.cliente','david.vargas@gmail.com','CLIENTE','ACTIVO',3123456780,'MASCULINO','1985-09-21','A-'),
(1188901234,'Angela','Suarez Delgado','angela.cliente','angela.suarez@gmail.com','CLIENTE','ACTIVO',3104567891,'FEMENINO','1996-12-04','O+'),
(1199012345,'Miguel Angel','Ortega Cuellar','miguel.cliente','miguel.ortega@gmail.com','CLIENTE','ACTIVO',3132109876,'MASCULINO','1991-03-30','B+');
INSERT INTO PRODUCTO(NOMBRE_PRODUCTO,DESCRIPCION_PRODUCTO,CANTIDAD_DISPONIBLE,UNIDAD_MEDIDA,ESTADO_PRODUCTO,COSTO_UNITARIO,FECHA_ENTREGA,FECHA_VENCIMIENTO,REGISTRADO_POR) VALUES
('Galletas Festival Chocolate','Paquete de galletas Festival sabor chocolate',0,'G','DISPONIBLE',1200,'2025-07-01','2025-12-01',1147484290),
('Ponqué Ramo','Ponqué tradicional Ramo',0,'G','DISPONIBLE',1500,'2025-07-01','2025-11-15',1234587642),
('Chocoramo','Ponqué cubierto con chocolate de la marca Ramo',0,'G','DISPONIBLE',1800,'2025-07-01','2025-11-30',4521876531),
('Galletas Noel Ducales','Paquete de galletas Ducales',0,'G','DISPONIBLE',1400,'2025-07-01','2026-01-10',1234587642),
('Papas Margarita Natural','Bolsa pequeña de papas Margarita sabor natural',0,'G','DISPONIBLE',1700,'2025-07-01','2025-10-30',1034785120),
('Jugo Hit Mora','Botella de jugo Hit sabor mora 500ml',0,'Ml','DISPONIBLE',2200,'2025-07-01','2025-09-25',1147484290),
('Agua Cristal','Botella de agua Cristal 600ml',0,'Ml','DISPONIBLE',1800,'2025-07-01','2026-02-28',4521876531),
('Galletas Saltín Noel','Paquete de galletas Saltín Noel tradicionales',0,'G','DISPONIBLE',1300,'2025-07-01','2025-12-15',4521876531),
('Chocolate Jet','Tableta de chocolate Jet',0,'G','DISPONIBLE',900,'2025-07-01','2026-03-01',4521876531),
('Café Águila Roja','Sobre de café Águila Roja 50g',0,'G','DISPONIBLE',1200,'2025-07-01','2026-01-01',4521876531),
('Leche Alquería Entera','Caja de leche Alquería entera 1L',0,'Ml','DISPONIBLE',3500,'2025-07-01','2025-10-01',4521876531),
('Arequipe Alpina','Envase de arequipe Alpina 200g',0,'G','DISPONIBLE',2500,'2025-07-01','2025-11-01',1234587642),
('Galletas Tosh Avena','Paquete de galletas Tosh de avena',0,'G','DISPONIBLE',2000,'2025-07-01','2026-01-15',1012345678),
('Yogur Alpina Fresa','Botella de yogur Alpina sabor fresa 200ml',0,'Ml','DISPONIBLE',1800,'2025-07-01','2025-08-30',1234587642),
('Bon Bon Bum Fresa','Dulce Bon Bon Bum sabor fresa',0,'G','DISPONIBLE',500,'2025-07-01','2026-02-15',4521876531),
('Galletas Festival Vainilla','Paquete de galletas Festival sabor vainilla',0,'G','DISPONIBLE',1200,'2025-07-01','2025-12-01',1034785120),
('Chocolatina Jumbo','Chocolatina Jumbo tradicional',0,'G','DISPONIBLE',1600,'2025-07-01','2026-01-01',4521876531),
('Pan Bimbo Blanco','Paquete de pan Bimbo blanco',0,'G','DISPONIBLE',4500,'2025-07-01','2025-08-15',1147484290),
('Colombiana 400ml','Botella de Colombiana 400ml',0,'Ml','DISPONIBLE',2000,'2025-07-01','2025-12-20',4521876531),
('Galletas Oreo','Paquete de galletas Oreo originales',0,'G','DISPONIBLE',1800,'2025-07-01','2026-01-25',1234587642),
('Maní La Especial','Bolsa de maní salado La Especial',0,'G','DISPONIBLE',1500,'2025-07-01','2026-03-10',1034785120),
('Jugo del Valle Mango','Caja de jugo del Valle sabor mango 250ml',0,'Ml','DISPONIBLE',1200,'2025-07-01','2025-09-30',4521876531),
('Milo Activ Go','Sobre de Milo Activ Go 33g',0,'Ml','DISPONIBLE',800,'2025-07-01','2026-02-05',1147484290),
('Natilla Alpina','Caja de mezcla para natilla Alpina 400g',0,'Mg','DISPONIBLE',3000,'2025-07-01','2026-01-01',4521876531),
('Galletas Quaker','Paquete de galletas Quaker avena',0,'Mg','DISPONIBLE',1700,'2025-07-01','2026-04-01',1034785120),
('Refresco Tang Naranja','Sobre de Tang sabor naranja 15g',0,'Ml','DISPONIBLE',600,'2025-07-01','2026-03-01',1034785120),
('Alpinito','Postre Alpinito sabor fresa',0,'Ml','DISPONIBLE',1200,'2025-07-01','2025-08-15',1034785120),
('Galletas Club Social','Paquete de galletas saladas Club Social',0,'Mg','DISPONIBLE',1300,'2025-07-01','2026-01-01',1034785120),
('Postobón Uva','Botella de gaseosa Postobón uva 400ml',0,'Ml','DISPONIBLE',2000,'2025-07-01','2025-12-10',1147484290),
('Nucita','Dulce de crema de avellanas Nucita',0,'G','DISPONIBLE',1000,'2025-07-01','2026-05-01',1234587642);
INSERT INTO PROVEEDOR(NOMBRE_PROVEEDOR,NUMERO_TELEFONICO,CORREO_PROVEEDOR,DIRECCION,ESTADO) VALUES
('Productos Ramo S.A.','6012345678','contacto@ramo.com.co','Av. Calle 68 # 24-15, Bogotá, Cundinamarca','ACTIVO'),
('Diana Corporación S.A.S.','6023456789','info@dianacorp.com','Calle 26 # 82-48, Bogotá, Cundinamarca','ACTIVO'),
('Colanta Cooperativa','6045678901','servicio@colanta.com','Cl. 10 # 22-30, Medellín, Antioquia','ACTIVO'),
('Compañía Envasadora del Atlántico (CEA)','6056789012','info@cea.com.co','Zona Franca, Barranquilla, Atlántico','ACTIVO'),
('Atlantic Fs S.A.S.','6057890123','ventas@atlanticfs.com.co','Cra. 50 # 80-60, Barranquilla, Atlántico','ACTIVO');
INSERT INTO MOVIMIENTO(VALOR_MOVIMIENTO,FECHA_MOVIMIENTO,ESTADO_MOVIMIENTO,DESCUENTO,TIPO_MOVIMIENTO,CLIENTE) VALUES
(175000,'2025-07-10','REALIZADO',8,'COMPRA',1067890123),
(92000,'2025-07-11','REALIZADO',NULL,'VENTA',1078901234),
(132000,'2025-07-12','PENDIENTE',6,'DEUDA',1089012345),
(185000,'2025-07-13','REALIZADO',12,'COMPRA',1090123456),
(48000,'2025-07-14','PENDIENTE',NULL,'DEUDA',1101234567),
(117000,'2025-07-15','REALIZADO',5,'VENTA',1114567896),
(143500,'2025-07-16','REALIZADO',10,'COMPRA',1122345678);
INSERT INTO DETALLE_COMPRA(ID_COMPRA, CANTIDAD_COMPRADA, PROVEEDOR, MOVIMIENTO, PRODUCTO_COMPRADO) VALUES
(3,40,2,6,6),
(4,35,3,6,7),
(5,25,2,6,8),
(6,20,4,9,9),
(7,50,5,9,10),
(8,15,3,10,11),
(9,30,6,10,12),
(10,45,1,10,13);
INSERT INTO DETALLE_VENTA(ID_VENTA, CANTIDAD_VENDIDA, MOVIMIENTO, PRODUCTO_VENDIDO) VALUES
(2,10,7,14),
(3,25,7,15),
(4,18,8,16);
INSERT INTO DETALLE_DEUDAS(ID_DEUDA, SALDO, CANTIDAD_DEUDA, FECHA_VENCIMIENTO, MOVIMIENTO, PRODUCTO_PENDIENTE) VALUES
(3,126000,3,'2025-08-12',8,17),
(4,46000,1,'2025-08-14',9,18);
